{"cameraMode":{"drawMode":0,"name":"Shaded","section":"Shading Mode"},"sceneLighting":false,"audioPlay":false,"sceneViewState":{"showFog":true,"showMaterialUpdate":false,"showSkybox":false,"showFlares":true,"showImageEffects":true,"showParticleSystems":true},"in2DMode":false,"pivot":{"x":0.8600000143051148,"y":2.4700000286102297,"z":-7.369999885559082},"rotation":{"x":0.36906903982162478,"y":-0.08104546368122101,"z":0.03222792223095894,"w":0.9253485798835754},"size":0.3464100956916809,"orthographic":false}