{"cameraMode":{"drawMode":0,"name":"Shaded","section":"Shading Mode"},"sceneLighting":false,"audioPlay":false,"sceneViewState":{"showFog":true,"showMaterialUpdate":false,"showSkybox":false,"showFlares":true,"showImageEffects":true,"showParticleSystems":true},"in2DMode":false,"pivot":{"x":1.5191296339035035,"y":0.1649695783853531,"z":155.9727020263672},"rotation":{"x":0.019252385944128038,"y":0.8714373707771301,"z":-0.03391242027282715,"w":0.4891451597213745},"size":8.527924537658692,"orthographic":false}