{"cameraMode":{"drawMode":0,"name":"Shaded","section":"Shading Mode"},"sceneLighting":false,"audioPlay":false,"sceneViewState":{"showFog":true,"showMaterialUpdate":false,"showSkybox":false,"showFlares":true,"showImageEffects":true,"showParticleSystems":true},"in2DMode":false,"pivot":{"x":0.003233790397644043,"y":0.7622792720794678,"z":-18.029434204101564},"rotation":{"x":-0.035487476736307147,"y":0.9095417261123657,"z":0.07931448519229889,"w":0.40649986267089846},"size":3.3771846294403078,"orthographic":false}