{"cameraMode":{"drawMode":0,"name":"Shaded","section":"Shading Mode"},"sceneLighting":false,"audioPlay":false,"sceneViewState":{"showFog":true,"showMaterialUpdate":false,"showSkybox":false,"showFlares":true,"showImageEffects":true,"showParticleSystems":true},"in2DMode":false,"pivot":{"x":0.003233790397644043,"y":1.5790140628814698,"z":-18.029434204101564},"rotation":{"x":-0.03254902362823486,"y":-0.9305630326271057,"z":0.08538725227117539,"w":-0.35474735498428347},"size":3.6744160652160646,"orthographic":false}